ID_Projet,Client,Description,Statut,Date_Début,Jours_écoulés,Etat,Inactivité,Action_suggérée,Type_Action,Email
PRJ-0001,Client_2,Projet de service 1,En cours,2024-06-01,453,En traitement,Oui,Relancer le client,Urgente,aminejemni181@gmail.com
PRJ-0002,Client_3,Projet de service 2,Finalisé,2024-06-04,450,Terminé,Non,Aucune action,Aucune,client_3@gmail.com
PRJ-0003,Client_4,Projet de service 3,En attente,2024-06-07,447,En traitement,Oui,Relancer le client,Urgente,client_4@gmail.com
PRJ-0004,Client_5,Projet de service 4,Suspendu,2024-06-10,444,En traitement,Oui,Relancer le client,Urgente,client_5@gmail.com
PRJ-0005,Client_6,Projet de service 5,En cours,2024-06-13,441,En traitement,Oui,Relancer le client,Urgente,client_6@gmail.com
PRJ-0006,Client_7,Projet de service 6,Finalisé,2024-06-16,438,Terminé,Non,Aucune action,Aucune,client_7@gmail.com
PRJ-0007,Client_8,Projet de service 7,En attente,2024-06-19,435,En traitement,Oui,Relancer le client,Urgente,client_8@gmail.com
PRJ-0008,Client_9,Projet de service 8,Suspendu,2024-06-22,432,En traitement,Oui,Relancer le client,Urgente,client_9@gmail.com
PRJ-0009,Client_10,Projet de service 9,En cours,2024-06-25,429,En traitement,Oui,Relancer le client,Urgente,client_10@gmail.com
PRJ-0010,Client_11,Projet de service 10,Finalisé,2024-06-28,426,Terminé,Non,Aucune action,Aucune,client_11@gmail.com
PRJ-0011,Client_12,Projet de service 11,En attente,2024-07-01,423,En traitement,Oui,Relancer le client,Urgente,client_12@gmail.com
PRJ-0012,Client_13,Projet de service 12,Suspendu,2024-07-04,420,En traitement,Oui,Relancer le client,Urgente,client_13@gmail.com
PRJ-0013,Client_14,Projet de service 13,En cours,2024-07-07,417,En traitement,Oui,Relancer le client,Urgente,client_14@gmail.com
PRJ-0014,Client_15,Projet de service 14,Finalisé,2024-07-10,414,Terminé,Non,Aucune action,Aucune,client_15@gmail.com
PRJ-0015,Client_16,Projet de service 15,En attente,2024-07-13,411,En traitement,Oui,Relancer le client,Urgente,client_16@gmail.com
PRJ-0016,Client_17,Projet de service 16,Suspendu,2024-07-16,408,En traitement,Oui,Relancer le client,Urgente,client_17@gmail.com
PRJ-0017,Client_18,Projet de service 17,En cours,2024-07-19,405,En traitement,Oui,Relancer le client,Urgente,client_18@gmail.com
PRJ-0018,Client_19,Projet de service 18,Finalisé,2024-07-22,402,Terminé,Non,Aucune action,Aucune,client_19@gmail.com
PRJ-0019,Client_20,Projet de service 19,En attente,2024-07-25,399,En traitement,Oui,Relancer le client,Urgente,client_20@gmail.com
PRJ-0020,Client_21,Projet de service 20,Suspendu,2024-07-28,396,En traitement,Oui,Relancer le client,Urgente,client_21@gmail.com
PRJ-0021,Client_22,Projet de service 21,En cours,2024-07-31,393,En traitement,Oui,Relancer le client,Urgente,client_22@gmail.com
PRJ-0022,Client_23,Projet de service 22,Finalisé,2024-08-03,390,Terminé,Non,Aucune action,Aucune,client_23@gmail.com
PRJ-0023,Client_24,Projet de service 23,En attente,2024-08-06,387,En traitement,Oui,Relancer le client,Urgente,client_24@gmail.com
PRJ-0024,Client_25,Projet de service 24,Suspendu,2024-08-09,384,En traitement,Oui,Relancer le client,Urgente,client_25@gmail.com
PRJ-0025,Client_26,Projet de service 25,En cours,2024-08-12,381,En traitement,Oui,Relancer le client,Urgente,client_26@gmail.com
PRJ-0026,Client_27,Projet de service 26,Finalisé,2024-08-15,378,Terminé,Non,Aucune action,Aucune,client_27@gmail.com
PRJ-0027,Client_28,Projet de service 27,En attente,2024-08-18,375,En traitement,Oui,Relancer le client,Urgente,client_28@gmail.com
PRJ-0028,Client_29,Projet de service 28,Suspendu,2024-08-21,372,En traitement,Oui,Relancer le client,Urgente,client_29@gmail.com
PRJ-0029,Client_30,Projet de service 29,En cours,2024-08-24,369,En traitement,Oui,Relancer le client,Urgente,client_30@gmail.com
PRJ-0030,Client_31,Projet de service 30,Finalisé,2024-08-27,366,Terminé,Non,Aucune action,Aucune,client_31@gmail.com
PRJ-0031,Client_32,Projet de service 31,En attente,2024-08-30,363,En traitement,Oui,Relancer le client,Urgente,client_32@gmail.com
PRJ-0032,Client_33,Projet de service 32,Suspendu,2024-09-02,360,En traitement,Oui,Relancer le client,Urgente,client_33@gmail.com
PRJ-0033,Client_34,Projet de service 33,En cours,2024-09-05,357,En traitement,Oui,Relancer le client,Urgente,client_34@gmail.com
PRJ-0034,Client_35,Projet de service 34,Finalisé,2024-09-08,354,Terminé,Non,Aucune action,Aucune,client_35@gmail.com
PRJ-0035,Client_36,Projet de service 35,En attente,2024-09-11,351,En traitement,Oui,Relancer le client,Urgente,client_36@gmail.com
PRJ-0036,Client_37,Projet de service 36,Suspendu,2024-09-14,348,En traitement,Non,Relancer le client,Urgente,client_37@gmail.com
PRJ-0037,Client_38,Projet de service 37,En cours,2024-09-17,345,En traitement,Non,Relancer le client,Urgente,client_38@gmail.com
PRJ-0038,Client_39,Projet de service 38,Finalisé,2024-09-20,342,Terminé,Non,Aucune action,Aucune,client_39@gmail.com
PRJ-0039,Client_40,Projet de service 39,En attente,2024-09-23,339,En traitement,Non,Relancer le client,Urgente,client_40@gmail.com
PRJ-0040,Client_41,Projet de service 40,Suspendu,2024-09-26,336,En traitement,Non,Relancer le client,Urgente,client_41@gmail.com
PRJ-0041,Client_42,Projet de service 41,En cours,2024-09-29,333,En traitement,Non,Relancer le client,Urgente,client_42@gmail.com
PRJ-0042,Client_43,Projet de service 42,Finalisé,2024-10-02,330,Terminé,Non,Aucune action,Aucune,client_43@gmail.com
PRJ-0043,Client_44,Projet de service 43,En attente,2024-10-05,327,En traitement,Non,Relancer le client,Urgente,client_44@gmail.com
PRJ-0044,Client_45,Projet de service 44,Suspendu,2024-10-08,324,En traitement,Non,Relancer le client,Urgente,client_45@gmail.com
PRJ-0045,Client_46,Projet de service 45,En cours,2024-10-11,321,En traitement,Non,Relancer le client,Urgente,client_46@gmail.com
PRJ-0046,Client_47,Projet de service 46,Finalisé,2024-10-14,318,Terminé,Non,Aucune action,Aucune,client_47@gmail.com
PRJ-0047,Client_48,Projet de service 47,En attente,2024-10-17,315,En traitement,Non,Relancer le client,Urgente,client_48@gmail.com
PRJ-0048,Client_49,Projet de service 48,Suspendu,2024-10-20,312,En traitement,Non,Relancer le client,Urgente,client_49@gmail.com
PRJ-0049,Client_50,Projet de service 49,En cours,2024-10-23,309,En traitement,Non,Relancer le client,Urgente,client_50@gmail.com
PRJ-0050,Client_51,Projet de service 50,Finalisé,2024-10-26,306,Terminé,Non,Aucune action,Aucune,client_51@gmail.com
PRJ-0051,Client_52,Projet de service 51,En attente,2024-10-29,303,En traitement,Non,Relancer le client,Urgente,client_52@gmail.com
PRJ-0052,Client_53,Projet de service 52,Suspendu,2024-11-01,300,En traitement,Non,Relancer le client,Urgente,client_53@gmail.com
PRJ-0053,Client_54,Projet de service 53,En cours,2024-11-04,297,En traitement,Non,Relancer le client,Urgente,client_54@gmail.com
PRJ-0054,Client_55,Projet de service 54,Finalisé,2024-11-07,294,Terminé,Non,Aucune action,Aucune,client_55@gmail.com
PRJ-0055,Client_56,Projet de service 55,En attente,2024-11-10,291,En traitement,Non,Relancer le client,Urgente,client_56@gmail.com
PRJ-0056,Client_57,Projet de service 56,Suspendu,2024-11-13,288,En traitement,Non,Relancer le client,Urgente,client_57@gmail.com
PRJ-0057,Client_58,Projet de service 57,En cours,2024-11-16,285,En traitement,Non,Relancer le client,Urgente,client_58@gmail.com
PRJ-0058,Client_59,Projet de service 58,Finalisé,2024-11-19,282,Terminé,Non,Aucune action,Aucune,client_59@gmail.com
PRJ-0059,Client_60,Projet de service 59,En attente,2024-11-22,279,En traitement,Non,Relancer le client,Urgente,client_60@gmail.com
PRJ-0060,Client_61,Projet de service 60,Suspendu,2024-11-25,276,En traitement,Non,Relancer le client,Urgente,client_61@gmail.com
PRJ-0061,Client_62,Projet de service 61,En cours,2024-11-28,273,En traitement,Non,Relancer le client,Urgente,client_62@gmail.com
PRJ-0062,Client_63,Projet de service 62,Finalisé,2024-12-01,270,Terminé,Non,Aucune action,Aucune,client_63@gmail.com
PRJ-0063,Client_64,Projet de service 63,En attente,2024-12-04,267,En traitement,Non,Relancer le client,Urgente,client_64@gmail.com
PRJ-0064,Client_65,Projet de service 64,Suspendu,2024-12-07,264,En traitement,Non,Relancer le client,Urgente,client_65@gmail.com
PRJ-0065,Client_66,Projet de service 65,En cours,2024-12-10,261,En traitement,Non,Relancer le client,Urgente,client_66@gmail.com
PRJ-0066,Client_67,Projet de service 66,Finalisé,2024-12-13,258,Terminé,Non,Aucune action,Aucune,client_67@gmail.com
PRJ-0067,Client_68,Projet de service 67,En attente,2024-12-16,255,En traitement,Non,Relancer le client,Urgente,client_68@gmail.com
PRJ-0068,Client_69,Projet de service 68,Suspendu,2024-12-19,252,En traitement,Non,Relancer le client,Urgente,client_69@gmail.com
PRJ-0069,Client_70,Projet de service 69,En cours,2024-12-22,249,En traitement,Non,Relancer le client,Urgente,client_70@gmail.com
PRJ-0070,Client_71,Projet de service 70,Finalisé,2024-12-25,246,Terminé,Non,Aucune action,Aucune,client_71@gmail.com
PRJ-0071,Client_72,Projet de service 71,En attente,2024-12-28,243,En traitement,Non,Relancer le client,Urgente,client_72@gmail.com
PRJ-0072,Client_73,Projet de service 72,Suspendu,2024-12-31,240,En traitement,Non,Relancer le client,Urgente,client_73@gmail.com
PRJ-0073,Client_74,Projet de service 73,En cours,2025-01-03,237,En traitement,Non,Relancer le client,Urgente,client_74@gmail.com
PRJ-0074,Client_75,Projet de service 74,Finalisé,2025-01-06,234,Terminé,Non,Aucune action,Aucune,client_75@gmail.com
PRJ-0075,Client_76,Projet de service 75,En attente,2025-01-09,231,En traitement,Non,Relancer le client,Urgente,client_76@gmail.com
PRJ-0076,Client_77,Projet de service 76,Suspendu,2025-01-12,228,En traitement,Non,Relancer le client,Urgente,client_77@gmail.com
PRJ-0077,Client_78,Projet de service 77,En cours,2025-01-15,225,En traitement,Non,Relancer le client,Urgente,client_78@gmail.com
PRJ-0078,Client_79,Projet de service 78,Finalisé,2025-01-18,222,Terminé,Non,Aucune action,Aucune,client_79@gmail.com
PRJ-0079,Client_80,Projet de service 79,En attente,2025-01-21,219,En traitement,Non,Relancer le client,Urgente,client_80@gmail.com
PRJ-0080,Client_81,Projet de service 80,Suspendu,2025-01-24,216,En traitement,Non,Relancer le client,Urgente,client_81@gmail.com
PRJ-0081,Client_82,Projet de service 81,En cours,2025-01-27,213,En traitement,Non,Relancer le client,Urgente,client_82@gmail.com
PRJ-0082,Client_83,Projet de service 82,Finalisé,2025-01-30,210,Terminé,Non,Aucune action,Aucune,client_83@gmail.com
PRJ-0083,Client_84,Projet de service 83,En attente,2025-02-02,207,En traitement,Non,Relancer le client,Urgente,client_84@gmail.com
PRJ-0084,Client_85,Projet de service 84,Suspendu,2025-02-05,204,En traitement,Non,Relancer le client,Urgente,client_85@gmail.com
PRJ-0085,Client_86,Projet de service 85,En cours,2025-02-08,201,En traitement,Non,Relancer le client,Urgente,client_86@gmail.com
PRJ-0086,Client_87,Projet de service 86,Finalisé,2025-02-11,198,Terminé,Non,Aucune action,Aucune,client_87@gmail.com
PRJ-0087,Client_88,Projet de service 87,En attente,2025-02-14,195,En traitement,Non,Relancer le client,Urgente,client_88@gmail.com
PRJ-0088,Client_89,Projet de service 88,Suspendu,2025-02-17,192,En traitement,Non,Relancer le client,Urgente,client_89@gmail.com
PRJ-0089,Client_90,Projet de service 89,En cours,2025-02-20,189,En traitement,Non,Relancer le client,Urgente,client_90@gmail.com
PRJ-0090,Client_91,Projet de service 90,Finalisé,2025-02-23,186,Terminé,Non,Aucune action,Aucune,client_91@gmail.com
PRJ-0091,Client_92,Projet de service 91,En attente,2025-02-26,183,En traitement,Non,Relancer le client,Urgente,client_92@gmail.com
PRJ-0092,Client_93,Projet de service 92,Suspendu,2025-03-01,180,En traitement,Non,Relancer le client,Urgente,client_93@gmail.com
PRJ-0093,Client_94,Projet de service 93,En cours,2025-03-04,177,En traitement,Non,Relancer le client,Urgente,client_94@gmail.com
PRJ-0094,Client_95,Projet de service 94,Finalisé,2025-03-07,174,Terminé,Non,Aucune action,Aucune,client_95@gmail.com
PRJ-0095,Client_96,Projet de service 95,En attente,2025-03-10,171,En traitement,Non,Relancer le client,Urgente,client_96@gmail.com
PRJ-0096,Client_97,Projet de service 96,Suspendu,2025-03-13,168,En traitement,Non,Relancer le client,Urgente,client_97@gmail.com
PRJ-0097,Client_98,Projet de service 97,En cours,2025-03-16,165,En traitement,Non,Relancer le client,Urgente,client_98@gmail.com
PRJ-0098,Client_99,Projet de service 98,Finalisé,2025-03-19,162,Terminé,Non,Aucune action,Aucune,client_99@gmail.com
PRJ-0099,Client_100,Projet de service 99,En attente,2025-03-22,159,En traitement,Non,Relancer le client,Urgente,client_100@gmail.com
PRJ-0100,Client_101,Projet de service 100,Suspendu,2025-03-25,156,En traitement,Non,Relancer le client,Urgente,client_101@gmail.com
PRJ-0101,Client_102,Projet de service 101,En cours,2025-03-28,153,En traitement,Non,Relancer le client,Urgente,client_102@gmail.com
PRJ-0102,Client_103,Projet de service 102,Finalisé,2025-03-31,150,Terminé,Non,Aucune action,Aucune,client_103@gmail.com
PRJ-0103,Client_104,Projet de service 103,En attente,2025-04-03,147,En traitement,Non,Relancer le client,Urgente,client_104@gmail.com
PRJ-0104,Client_105,Projet de service 104,Suspendu,2025-04-06,144,En traitement,Non,Relancer le client,Urgente,client_105@gmail.com
PRJ-0105,Client_106,Projet de service 105,En cours,2025-04-09,141,En traitement,Non,Relancer le client,Urgente,client_106@gmail.com
PRJ-0106,Client_107,Projet de service 106,Finalisé,2025-04-12,138,Terminé,Non,Aucune action,Aucune,client_107@gmail.com
PRJ-0107,Client_108,Projet de service 107,En attente,2025-04-15,135,En traitement,Non,Relancer le client,Urgente,client_108@gmail.com
PRJ-0108,Client_109,Projet de service 108,Suspendu,2025-04-18,132,En traitement,Non,Relancer le client,Urgente,client_109@gmail.com
PRJ-0109,Client_110,Projet de service 109,En cours,2025-04-21,129,En traitement,Non,Relancer le client,Urgente,client_110@gmail.com
PRJ-0110,Client_111,Projet de service 110,Finalisé,2025-04-24,126,Terminé,Non,Aucune action,Aucune,client_111@gmail.com
PRJ-0111,Client_112,Projet de service 111,En attente,2025-04-27,123,En traitement,Non,Relancer le client,Urgente,client_112@gmail.com
PRJ-0112,Client_113,Projet de service 112,Suspendu,2025-04-30,120,En traitement,Non,Relancer le client,Urgente,client_113@gmail.com
PRJ-0113,Client_114,Projet de service 113,En cours,2025-05-03,117,En traitement,Non,Relancer le client,Urgente,client_114@gmail.com
PRJ-0114,Client_115,Projet de service 114,Finalisé,2025-05-06,114,Terminé,Non,Aucune action,Aucune,client_115@gmail.com
PRJ-0115,Client_116,Projet de service 115,En attente,2025-05-09,111,En traitement,Non,Relancer le client,Urgente,client_116@gmail.com
PRJ-0116,Client_117,Projet de service 116,Suspendu,2025-05-12,108,En traitement,Non,Relancer le client,Urgente,client_117@gmail.com
PRJ-0117,Client_118,Projet de service 117,En cours,2025-05-15,105,En traitement,Non,Relancer le client,Urgente,client_118@gmail.com
PRJ-0118,Client_119,Projet de service 118,Finalisé,2025-05-18,102,Terminé,Non,Aucune action,Aucune,client_119@gmail.com
PRJ-0119,Client_120,Projet de service 119,En attente,2025-05-21,99,En traitement,Non,Relancer le client,Urgente,client_120@gmail.com
PRJ-0120,Client_121,Projet de service 120,Suspendu,2025-05-24,96,En traitement,Non,Relancer le client,Urgente,client_121@gmail.com
PRJ-0121,Client_122,Projet de service 121,En cours,2025-05-27,93,En traitement,Non,Relancer le client,Urgente,client_122@gmail.com
PRJ-0122,Client_123,Projet de service 122,Finalisé,2025-05-30,90,Terminé,Non,Aucune action,Aucune,client_123@gmail.com
PRJ-0123,Client_124,Projet de service 123,En attente,2025-06-02,87,En traitement,Non,Relancer le client,Urgente,client_124@gmail.com
PRJ-0124,Client_125,Projet de service 124,Suspendu,2025-06-05,84,En traitement,Non,Relancer le client,Urgente,client_125@gmail.com
PRJ-0125,Client_126,Projet de service 125,En cours,2025-06-08,81,En traitement,Non,Relancer le client,Urgente,client_126@gmail.com
PRJ-0126,Client_127,Projet de service 126,Finalisé,2025-06-11,78,Terminé,Non,Aucune action,Aucune,client_127@gmail.com
PRJ-0127,Client_128,Projet de service 127,En attente,2025-06-14,75,En traitement,Non,Relancer le client,Urgente,client_128@gmail.com
PRJ-0128,Client_129,Projet de service 128,Suspendu,2025-06-17,72,En traitement,Non,Relancer le client,Urgente,client_129@gmail.com
PRJ-0129,Client_130,Projet de service 129,En cours,2025-06-20,69,En traitement,Non,Relancer le client,Urgente,client_130@gmail.com
PRJ-0130,Client_131,Projet de service 130,Finalisé,2025-06-23,66,Terminé,Non,Aucune action,Aucune,client_131@gmail.com
PRJ-0131,Client_132,Projet de service 131,En attente,2025-06-26,63,En traitement,Non,Relancer le client,Urgente,client_132@gmail.com
PRJ-0132,Client_133,Projet de service 132,Suspendu,2025-06-29,60,En traitement,Non,Relancer le client,Urgente,client_133@gmail.com
PRJ-0133,Client_134,Projet de service 133,En cours,2025-07-02,57,En traitement,Non,Relancer le client,Urgente,client_134@gmail.com
PRJ-0134,Client_135,Projet de service 134,Finalisé,2025-07-05,54,Terminé,Non,Aucune action,Aucune,client_135@gmail.com
PRJ-0135,Client_136,Projet de service 135,En attente,2025-07-08,51,En traitement,Non,Relancer le client,Urgente,client_136@gmail.com
PRJ-0136,Client_137,Projet de service 136,Suspendu,2025-07-11,48,En traitement,Non,Relancer le client,Urgente,client_137@gmail.com
PRJ-0137,Client_138,Projet de service 137,En cours,2025-07-14,45,En traitement,Non,Relancer le client,Urgente,client_138@gmail.com
PRJ-0138,Client_139,Projet de service 138,Finalisé,2025-07-17,42,Terminé,Non,Aucune action,Aucune,client_139@gmail.com
PRJ-0139,Client_140,Projet de service 139,En attente,2025-07-20,39,En traitement,Non,Relancer le client,Urgente,client_140@gmail.com
PRJ-0140,Client_141,Projet de service 140,Suspendu,2025-07-23,36,En traitement,Non,Relancer le client,Urgente,client_141@gmail.com
PRJ-0141,Client_142,Projet de service 141,En cours,2025-07-26,33,En traitement,Non,Relancer le client,Urgente,client_142@gmail.com
PRJ-0142,Client_143,Projet de service 142,Finalisé,2025-07-29,30,Terminé,Non,Aucune action,Aucune,client_143@gmail.com
PRJ-0143,Client_144,Projet de service 143,En attente,2025-08-01,27,En traitement,Non,Suivi en cours,Normale,client_144@gmail.com
PRJ-0144,Client_145,Projet de service 144,Suspendu,2025-08-04,24,En traitement,Non,Suivi en cours,Normale,client_145@gmail.com
PRJ-0145,Client_146,Projet de service 145,En cours,2025-08-07,21,En traitement,Non,Suivi en cours,Normale,client_146@gmail.com
PRJ-0146,Client_147,Projet de service 146,Finalisé,2025-08-10,18,Terminé,Non,Aucune action,Aucune,client_147@gmail.com
PRJ-0147,Client_148,Projet de service 147,En attente,2025-08-13,15,En traitement,Non,Attente de réponse client,Faible,client_148@gmail.com
PRJ-0148,Client_149,Projet de service 148,Suspendu,2025-08-16,12,En traitement,Non,Attente de réponse client,Faible,client_149@gmail.com
PRJ-0149,Client_150,Projet de service 149,En cours,2025-08-19,9,En traitement,Non,Attente de réponse client,Faible,client_150@gmail.com
PRJ-0150,Client_151,Projet de service 150,Finalisé,2025-08-22,6,Terminé,Non,Aucune action,Aucune,client_151@gmail.com
PRJ-0151,Client_152,Projet de service 151,En attente,2025-08-25,3,En traitement,Non,Attente de réponse client,Faible,client_152@gmail.com
PRJ-0152,Client_153,Projet de service 152,Suspendu,2025-08-28,0,En traitement,Non,Attente de réponse client,Faible,client_153@gmail.com
PRJ-0153,Client_154,Projet de service 153,En cours,2025-08-31,-3,Pas encore débuté,Non,Attente de réponse client,Faible,client_154@gmail.com
PRJ-0154,Client_155,Projet de service 154,Finalisé,2025-09-03,-6,Terminé,Non,Aucune action,Aucune,client_155@gmail.com
PRJ-0155,Client_156,Projet de service 155,En attente,2025-09-06,-9,Pas encore débuté,Non,Attente de réponse client,Faible,client_156@gmail.com
PRJ-0156,Client_157,Projet de service 156,Suspendu,2025-09-09,-12,Pas encore débuté,Non,Attente de réponse client,Faible,client_157@gmail.com
PRJ-0157,Client_158,Projet de service 157,En cours,2025-09-12,-15,Pas encore débuté,Non,Attente de réponse client,Faible,client_158@gmail.com
PRJ-0158,Client_159,Projet de service 158,Finalisé,2025-09-15,-18,Terminé,Non,Aucune action,Aucune,client_159@gmail.com
PRJ-0159,Client_160,Projet de service 159,En attente,2025-09-18,-21,Pas encore débuté,Non,Attente de réponse client,Faible,client_160@gmail.com
PRJ-0160,Client_161,Projet de service 160,Suspendu,2025-09-21,-24,Pas encore débuté,Non,Attente de réponse client,Faible,client_161@gmail.com
PRJ-0161,Client_162,Projet de service 161,En cours,2025-09-24,-27,Pas encore débuté,Non,Attente de réponse client,Faible,client_162@gmail.com
PRJ-0162,Client_163,Projet de service 162,Finalisé,2025-09-27,-30,Terminé,Non,Aucune action,Aucune,client_163@gmail.com
PRJ-0163,Client_164,Projet de service 163,En attente,2025-09-30,-33,Pas encore débuté,Non,Attente de réponse client,Faible,client_164@gmail.com
PRJ-0164,Client_165,Projet de service 164,Suspendu,2025-10-03,-36,Pas encore débuté,Non,Attente de réponse client,Faible,client_165@gmail.com
PRJ-0165,Client_166,Projet de service 165,En cours,2025-10-06,-39,Pas encore débuté,Non,Attente de réponse client,Faible,client_166@gmail.com
PRJ-0166,Client_167,Projet de service 166,Finalisé,2025-10-09,-42,Terminé,Non,Aucune action,Aucune,client_167@gmail.com
PRJ-0167,Client_168,Projet de service 167,En attente,2025-10-12,-45,Pas encore débuté,Non,Attente de réponse client,Faible,client_168@gmail.com
PRJ-0168,Client_169,Projet de service 168,Suspendu,2025-10-15,-48,Pas encore débuté,Non,Attente de réponse client,Faible,client_169@gmail.com
PRJ-0169,Client_170,Projet de service 169,En cours,2025-10-18,-51,Pas encore débuté,Non,Attente de réponse client,Faible,client_170@gmail.com
PRJ-0170,Client_171,Projet de service 170,Finalisé,2025-10-21,-54,Terminé,Non,Aucune action,Aucune,client_171@gmail.com
PRJ-0171,Client_172,Projet de service 171,En attente,2025-10-24,-57,Pas encore débuté,Non,Attente de réponse client,Faible,client_172@gmail.com
PRJ-0172,Client_173,Projet de service 172,Suspendu,2025-10-27,-60,Pas encore débuté,Non,Attente de réponse client,Faible,client_173@gmail.com
PRJ-0173,Client_174,Projet de service 173,En cours,2025-10-30,-63,Pas encore débuté,Non,Attente de réponse client,Faible,client_174@gmail.com
PRJ-0174,Client_175,Projet de service 174,Finalisé,2025-11-02,-66,Terminé,Non,Aucune action,Aucune,client_175@gmail.com
PRJ-0175,Client_176,Projet de service 175,En attente,2025-11-05,-69,Pas encore débuté,Non,Attente de réponse client,Faible,client_176@gmail.com
PRJ-0176,Client_177,Projet de service 176,Suspendu,2025-11-08,-72,Pas encore débuté,Non,Attente de réponse client,Faible,client_177@gmail.com
PRJ-0177,Client_178,Projet de service 177,En cours,2025-11-11,-75,Pas encore débuté,Non,Attente de réponse client,Faible,client_178@gmail.com
PRJ-0178,Client_179,Projet de service 178,Finalisé,2025-11-14,-78,Terminé,Non,Aucune action,Aucune,client_179@gmail.com
PRJ-0179,Client_180,Projet de service 179,En attente,2025-11-17,-81,Pas encore débuté,Non,Attente de réponse client,Faible,client_180@gmail.com
PRJ-0180,Client_181,Projet de service 180,Suspendu,2025-11-20,-84,Pas encore débuté,Non,Attente de réponse client,Faible,client_181@gmail.com
PRJ-0181,Client_182,Projet de service 181,En cours,2025-11-23,-87,Pas encore débuté,Non,Attente de réponse client,Faible,client_182@gmail.com
PRJ-0182,Client_183,Projet de service 182,Finalisé,2025-11-26,-90,Terminé,Non,Aucune action,Aucune,client_183@gmail.com
PRJ-0183,Client_184,Projet de service 183,En attente,2025-11-29,-93,Pas encore débuté,Non,Attente de réponse client,Faible,client_184@gmail.com
PRJ-0184,Client_185,Projet de service 184,Suspendu,2025-12-02,-96,Pas encore débuté,Non,Attente de réponse client,Faible,client_185@gmail.com
PRJ-0185,Client_186,Projet de service 185,En cours,2025-12-05,-99,Pas encore débuté,Non,Attente de réponse client,Faible,client_186@gmail.com
PRJ-0186,Client_187,Projet de service 186,Finalisé,2025-12-08,-102,Terminé,Non,Aucune action,Aucune,client_187@gmail.com
PRJ-0187,Client_188,Projet de service 187,En attente,2025-12-11,-105,Pas encore débuté,Non,Attente de réponse client,Faible,client_188@gmail.com
PRJ-0188,Client_189,Projet de service 188,Suspendu,2025-12-14,-108,Pas encore débuté,Non,Attente de réponse client,Faible,client_189@gmail.com
PRJ-0189,Client_190,Projet de service 189,En cours,2025-12-17,-111,Pas encore débuté,Non,Attente de réponse client,Faible,client_190@gmail.com
PRJ-0190,Client_191,Projet de service 190,Finalisé,2025-12-20,-114,Terminé,Non,Aucune action,Aucune,client_191@gmail.com
PRJ-0191,Client_192,Projet de service 191,En attente,2025-12-23,-117,Pas encore débuté,Non,Attente de réponse client,Faible,client_192@gmail.com
PRJ-0192,Client_193,Projet de service 192,Suspendu,2025-12-26,-120,Pas encore débuté,Non,Attente de réponse client,Faible,client_193@gmail.com
PRJ-0193,Client_194,Projet de service 193,En cours,2025-12-29,-123,Pas encore débuté,Non,Attente de réponse client,Faible,client_194@gmail.com
PRJ-0194,Client_195,Projet de service 194,Finalisé,2026-01-01,-126,Terminé,Non,Aucune action,Aucune,client_195@gmail.com
PRJ-0195,Client_196,Projet de service 195,En attente,2026-01-04,-129,Pas encore débuté,Non,Attente de réponse client,Faible,client_196@gmail.com
PRJ-0196,Client_197,Projet de service 196,Suspendu,2026-01-07,-132,Pas encore débuté,Non,Attente de réponse client,Faible,client_197@gmail.com
PRJ-0197,Client_198,Projet de service 197,En cours,2026-01-10,-135,Pas encore débuté,Non,Attente de réponse client,Faible,client_198@gmail.com
PRJ-0198,Client_199,Projet de service 198,Finalisé,2026-01-13,-138,Terminé,Non,Aucune action,Aucune,client_199@gmail.com
PRJ-0199,Client_200,Projet de service 199,En attente,2026-01-16,-141,Pas encore débuté,Non,Attente de réponse client,Faible,client_200@gmail.com
PRJ-0200,Client_1,Projet de service 200,Suspendu,2026-01-19,-144,Pas encore débuté,Non,Attente de réponse client,Faible,client_1@gmail.com
PRJ-0201,Client_2,Projet de service 201,En cours,2026-01-22,-147,Pas encore débuté,Non,Attente de réponse client,Faible,aminejemni181@gmail.com
PRJ-0202,Client_3,Projet de service 202,Finalisé,2026-01-25,-150,Terminé,Non,Aucune action,Aucune,client_3@gmail.com
PRJ-0203,Client_4,Projet de service 203,En attente,2026-01-28,-153,Pas encore débuté,Non,Attente de réponse client,Faible,client_4@gmail.com
PRJ-0204,Client_5,Projet de service 204,Suspendu,2026-01-31,-156,Pas encore débuté,Non,Attente de réponse client,Faible,client_5@gmail.com
PRJ-0205,Client_6,Projet de service 205,En cours,2026-02-03,-159,Pas encore débuté,Non,Attente de réponse client,Faible,client_6@gmail.com
PRJ-0206,Client_7,Projet de service 206,Finalisé,2026-02-06,-162,Terminé,Non,Aucune action,Aucune,client_7@gmail.com
PRJ-0207,Client_8,Projet de service 207,En attente,2026-02-09,-165,Pas encore débuté,Non,Attente de réponse client,Faible,client_8@gmail.com
PRJ-0208,Client_9,Projet de service 208,Suspendu,2026-02-12,-168,Pas encore débuté,Non,Attente de réponse client,Faible,client_9@gmail.com
PRJ-0209,Client_10,Projet de service 209,En cours,2026-02-15,-171,Pas encore débuté,Non,Attente de réponse client,Faible,client_10@gmail.com
PRJ-0210,Client_11,Projet de service 210,Finalisé,2026-02-18,-174,Terminé,Non,Aucune action,Aucune,client_11@gmail.com
PRJ-0211,Client_12,Projet de service 211,En attente,2026-02-21,-177,Pas encore débuté,Non,Attente de réponse client,Faible,client_12@gmail.com
PRJ-0212,Client_13,Projet de service 212,Suspendu,2026-02-24,-180,Pas encore débuté,Non,Attente de réponse client,Faible,client_13@gmail.com
PRJ-0213,Client_14,Projet de service 213,En cours,2026-02-27,-183,Pas encore débuté,Non,Attente de réponse client,Faible,client_14@gmail.com
PRJ-0214,Client_15,Projet de service 214,Finalisé,2026-03-02,-186,Terminé,Non,Aucune action,Aucune,client_15@gmail.com
PRJ-0215,Client_16,Projet de service 215,En attente,2026-03-05,-189,Pas encore débuté,Non,Attente de réponse client,Faible,client_16@gmail.com
PRJ-0216,Client_17,Projet de service 216,Suspendu,2026-03-08,-192,Pas encore débuté,Non,Attente de réponse client,Faible,client_17@gmail.com
PRJ-0217,Client_18,Projet de service 217,En cours,2026-03-11,-195,Pas encore débuté,Non,Attente de réponse client,Faible,client_18@gmail.com
PRJ-0218,Client_19,Projet de service 218,Finalisé,2026-03-14,-198,Terminé,Non,Aucune action,Aucune,client_19@gmail.com
PRJ-0219,Client_20,Projet de service 219,En attente,2026-03-17,-201,Pas encore débuté,Non,Attente de réponse client,Faible,client_20@gmail.com
PRJ-0220,Client_21,Projet de service 220,Suspendu,2026-03-20,-204,Pas encore débuté,Non,Attente de réponse client,Faible,client_21@gmail.com
PRJ-0221,Client_22,Projet de service 221,En cours,2026-03-23,-207,Pas encore débuté,Non,Attente de réponse client,Faible,client_22@gmail.com
PRJ-0222,Client_23,Projet de service 222,Finalisé,2026-03-26,-210,Terminé,Non,Aucune action,Aucune,client_23@gmail.com
PRJ-0223,Client_24,Projet de service 223,En attente,2026-03-29,-213,Pas encore débuté,Non,Attente de réponse client,Faible,client_24@gmail.com
PRJ-0224,Client_25,Projet de service 224,Suspendu,2026-04-01,-216,Pas encore débuté,Non,Attente de réponse client,Faible,client_25@gmail.com
PRJ-0225,Client_26,Projet de service 225,En cours,2026-04-04,-219,Pas encore débuté,Non,Attente de réponse client,Faible,client_26@gmail.com
PRJ-0226,Client_27,Projet de service 226,Finalisé,2026-04-07,-222,Terminé,Non,Aucune action,Aucune,client_27@gmail.com
PRJ-0227,Client_28,Projet de service 227,En attente,2026-04-10,-225,Pas encore débuté,Non,Attente de réponse client,Faible,client_28@gmail.com
PRJ-0228,Client_29,Projet de service 228,Suspendu,2026-04-13,-228,Pas encore débuté,Non,Attente de réponse client,Faible,client_29@gmail.com
PRJ-0229,Client_30,Projet de service 229,En cours,2026-04-16,-231,Pas encore débuté,Non,Attente de réponse client,Faible,client_30@gmail.com
PRJ-0230,Client_31,Projet de service 230,Finalisé,2026-04-19,-234,Terminé,Non,Aucune action,Aucune,client_31@gmail.com
PRJ-0231,Client_32,Projet de service 231,En attente,2026-04-22,-237,Pas encore débuté,Non,Attente de réponse client,Faible,client_32@gmail.com
PRJ-0232,Client_33,Projet de service 232,Suspendu,2026-04-25,-240,Pas encore débuté,Non,Attente de réponse client,Faible,client_33@gmail.com
PRJ-0233,Client_34,Projet de service 233,En cours,2026-04-28,-243,Pas encore débuté,Non,Attente de réponse client,Faible,client_34@gmail.com
PRJ-0234,Client_35,Projet de service 234,Finalisé,2026-05-01,-246,Terminé,Non,Aucune action,Aucune,client_35@gmail.com
PRJ-0235,Client_36,Projet de service 235,En attente,2026-05-04,-249,Pas encore débuté,Non,Attente de réponse client,Faible,client_36@gmail.com
PRJ-0236,Client_37,Projet de service 236,Suspendu,2026-05-07,-252,Pas encore débuté,Non,Attente de réponse client,Faible,client_37@gmail.com
PRJ-0237,Client_38,Projet de service 237,En cours,2026-05-10,-255,Pas encore débuté,Non,Attente de réponse client,Faible,client_38@gmail.com
PRJ-0238,Client_39,Projet de service 238,Finalisé,2026-05-13,-258,Terminé,Non,Aucune action,Aucune,client_39@gmail.com
PRJ-0239,Client_40,Projet de service 239,En attente,2026-05-16,-261,Pas encore débuté,Non,Attente de réponse client,Faible,client_40@gmail.com
PRJ-0240,Client_41,Projet de service 240,Suspendu,2026-05-19,-264,Pas encore débuté,Non,Attente de réponse client,Faible,client_41@gmail.com
PRJ-0241,Client_42,Projet de service 241,En cours,2026-05-22,-267,Pas encore débuté,Non,Attente de réponse client,Faible,client_42@gmail.com
PRJ-0242,Client_43,Projet de service 242,Finalisé,2026-05-25,-270,Terminé,Non,Aucune action,Aucune,client_43@gmail.com
PRJ-0243,Client_44,Projet de service 243,En attente,2026-05-28,-273,Pas encore débuté,Non,Attente de réponse client,Faible,client_44@gmail.com
PRJ-0244,Client_45,Projet de service 244,Suspendu,2026-05-31,-276,Pas encore débuté,Non,Attente de réponse client,Faible,client_45@gmail.com
PRJ-0245,Client_46,Projet de service 245,En cours,2026-06-03,-279,Pas encore débuté,Non,Attente de réponse client,Faible,client_46@gmail.com
PRJ-0246,Client_47,Projet de service 246,Finalisé,2026-06-06,-282,Terminé,Non,Aucune action,Aucune,client_47@gmail.com
PRJ-0247,Client_48,Projet de service 247,En attente,2026-06-09,-285,Pas encore débuté,Non,Attente de réponse client,Faible,client_48@gmail.com
PRJ-0248,Client_49,Projet de service 248,Suspendu,2026-06-12,-288,Pas encore débuté,Non,Attente de réponse client,Faible,client_49@gmail.com
PRJ-0249,Client_50,Projet de service 249,En cours,2026-06-15,-291,Pas encore débuté,Non,Attente de réponse client,Faible,client_50@gmail.com
PRJ-0250,Client_51,Projet de service 250,Finalisé,2026-06-18,-294,Terminé,Non,Aucune action,Aucune,client_51@gmail.com
PRJ-0251,Client_52,Projet de service 251,En attente,2026-06-21,-297,Pas encore débuté,Non,Attente de réponse client,Faible,client_52@gmail.com
PRJ-0252,Client_53,Projet de service 252,Suspendu,2026-06-24,-300,Pas encore débuté,Non,Attente de réponse client,Faible,client_53@gmail.com
PRJ-0253,Client_54,Projet de service 253,En cours,2026-06-27,-303,Pas encore débuté,Non,Attente de réponse client,Faible,client_54@gmail.com
PRJ-0254,Client_55,Projet de service 254,Finalisé,2026-06-30,-306,Terminé,Non,Aucune action,Aucune,client_55@gmail.com
PRJ-0255,Client_56,Projet de service 255,En attente,2026-07-03,-309,Pas encore débuté,Non,Attente de réponse client,Faible,client_56@gmail.com
PRJ-0256,Client_57,Projet de service 256,Suspendu,2026-07-06,-312,Pas encore débuté,Non,Attente de réponse client,Faible,client_57@gmail.com
PRJ-0257,Client_58,Projet de service 257,En cours,2026-07-09,-315,Pas encore débuté,Non,Attente de réponse client,Faible,client_58@gmail.com
PRJ-0258,Client_59,Projet de service 258,Finalisé,2026-07-12,-318,Terminé,Non,Aucune action,Aucune,client_59@gmail.com
PRJ-0259,Client_60,Projet de service 259,En attente,2026-07-15,-321,Pas encore débuté,Non,Attente de réponse client,Faible,client_60@gmail.com
PRJ-0260,Client_61,Projet de service 260,Suspendu,2026-07-18,-324,Pas encore débuté,Non,Attente de réponse client,Faible,client_61@gmail.com
PRJ-0261,Client_62,Projet de service 261,En cours,2026-07-21,-327,Pas encore débuté,Non,Attente de réponse client,Faible,client_62@gmail.com
PRJ-0262,Client_63,Projet de service 262,Finalisé,2026-07-24,-330,Terminé,Non,Aucune action,Aucune,client_63@gmail.com
PRJ-0263,Client_64,Projet de service 263,En attente,2026-07-27,-333,Pas encore débuté,Non,Attente de réponse client,Faible,client_64@gmail.com
PRJ-0264,Client_65,Projet de service 264,Suspendu,2026-07-30,-336,Pas encore débuté,Non,Attente de réponse client,Faible,client_65@gmail.com
PRJ-0265,Client_66,Projet de service 265,En cours,2026-08-02,-339,Pas encore débuté,Non,Attente de réponse client,Faible,client_66@gmail.com
PRJ-0266,Client_67,Projet de service 266,Finalisé,2026-08-05,-342,Terminé,Non,Aucune action,Aucune,client_67@gmail.com
PRJ-0267,Client_68,Projet de service 267,En attente,2026-08-08,-345,Pas encore débuté,Non,Attente de réponse client,Faible,client_68@gmail.com
PRJ-0268,Client_69,Projet de service 268,Suspendu,2026-08-11,-348,Pas encore débuté,Non,Attente de réponse client,Faible,client_69@gmail.com
PRJ-0269,Client_70,Projet de service 269,En cours,2026-08-14,-351,Pas encore débuté,Non,Attente de réponse client,Faible,client_70@gmail.com
PRJ-0270,Client_71,Projet de service 270,Finalisé,2026-08-17,-354,Terminé,Non,Aucune action,Aucune,client_71@gmail.com
PRJ-0271,Client_72,Projet de service 271,En attente,2026-08-20,-357,Pas encore débuté,Non,Attente de réponse client,Faible,client_72@gmail.com
PRJ-0272,Client_73,Projet de service 272,Suspendu,2026-08-23,-360,Pas encore débuté,Non,Attente de réponse client,Faible,client_73@gmail.com
PRJ-0273,Client_74,Projet de service 273,En cours,2026-08-26,-363,Pas encore débuté,Non,Attente de réponse client,Faible,client_74@gmail.com
PRJ-0274,Client_75,Projet de service 274,Finalisé,2026-08-29,-366,Terminé,Non,Aucune action,Aucune,client_75@gmail.com
PRJ-0275,Client_76,Projet de service 275,En attente,2026-09-01,-369,Pas encore débuté,Non,Attente de réponse client,Faible,client_76@gmail.com
PRJ-0276,Client_77,Projet de service 276,Suspendu,2026-09-04,-372,Pas encore débuté,Non,Attente de réponse client,Faible,client_77@gmail.com
PRJ-0277,Client_78,Projet de service 277,En cours,2026-09-07,-375,Pas encore débuté,Non,Attente de réponse client,Faible,client_78@gmail.com
PRJ-0278,Client_79,Projet de service 278,Finalisé,2026-09-10,-378,Terminé,Non,Aucune action,Aucune,client_79@gmail.com
PRJ-0279,Client_80,Projet de service 279,En attente,2026-09-13,-381,Pas encore débuté,Non,Attente de réponse client,Faible,client_80@gmail.com
PRJ-0280,Client_81,Projet de service 280,Suspendu,2026-09-16,-384,Pas encore débuté,Non,Attente de réponse client,Faible,client_81@gmail.com
PRJ-0281,Client_82,Projet de service 281,En cours,2026-09-19,-387,Pas encore débuté,Non,Attente de réponse client,Faible,client_82@gmail.com
PRJ-0282,Client_83,Projet de service 282,Finalisé,2026-09-22,-390,Terminé,Non,Aucune action,Aucune,client_83@gmail.com
PRJ-0283,Client_84,Projet de service 283,En attente,2026-09-25,-393,Pas encore débuté,Non,Attente de réponse client,Faible,client_84@gmail.com
PRJ-0284,Client_85,Projet de service 284,Suspendu,2026-09-28,-396,Pas encore débuté,Non,Attente de réponse client,Faible,client_85@gmail.com
PRJ-0285,Client_86,Projet de service 285,En cours,2026-10-01,-399,Pas encore débuté,Non,Attente de réponse client,Faible,client_86@gmail.com
PRJ-0286,Client_87,Projet de service 286,Finalisé,2026-10-04,-402,Terminé,Non,Aucune action,Aucune,client_87@gmail.com
PRJ-0287,Client_88,Projet de service 287,En attente,2026-10-07,-405,Pas encore débuté,Non,Attente de réponse client,Faible,client_88@gmail.com
PRJ-0288,Client_89,Projet de service 288,Suspendu,2026-10-10,-408,Pas encore débuté,Non,Attente de réponse client,Faible,client_89@gmail.com
PRJ-0289,Client_90,Projet de service 289,En cours,2026-10-13,-411,Pas encore débuté,Non,Attente de réponse client,Faible,client_90@gmail.com
PRJ-0290,Client_91,Projet de service 290,Finalisé,2026-10-16,-414,Terminé,Non,Aucune action,Aucune,client_91@gmail.com
PRJ-0291,Client_92,Projet de service 291,En attente,2026-10-19,-417,Pas encore débuté,Non,Attente de réponse client,Faible,client_92@gmail.com
PRJ-0292,Client_93,Projet de service 292,Suspendu,2026-10-22,-420,Pas encore débuté,Non,Attente de réponse client,Faible,client_93@gmail.com
PRJ-0293,Client_94,Projet de service 293,En cours,2026-10-25,-423,Pas encore débuté,Non,Attente de réponse client,Faible,client_94@gmail.com
PRJ-0294,Client_95,Projet de service 294,Finalisé,2026-10-28,-426,Terminé,Non,Aucune action,Aucune,client_95@gmail.com
PRJ-0295,Client_96,Projet de service 295,En attente,2026-10-31,-429,Pas encore débuté,Non,Attente de réponse client,Faible,client_96@gmail.com
PRJ-0296,Client_97,Projet de service 296,Suspendu,2026-11-03,-432,Pas encore débuté,Non,Attente de réponse client,Faible,client_97@gmail.com
PRJ-0297,Client_98,Projet de service 297,En cours,2026-11-06,-435,Pas encore débuté,Non,Attente de réponse client,Faible,client_98@gmail.com
PRJ-0298,Client_99,Projet de service 298,Finalisé,2026-11-09,-438,Terminé,Non,Aucune action,Aucune,client_99@gmail.com
PRJ-0299,Client_100,Projet de service 299,En attente,2026-11-12,-441,Pas encore débuté,Non,Attente de réponse client,Faible,client_100@gmail.com
PRJ-0300,Client_101,Projet de service 300,Suspendu,2026-11-15,-444,Pas encore débuté,Non,Attente de réponse client,Faible,client_101@gmail.com
PRJ-0301,Client_102,Projet de service 301,En cours,2026-11-18,-447,Pas encore débuté,Non,Attente de réponse client,Faible,client_102@gmail.com
PRJ-0302,Client_103,Projet de service 302,Finalisé,2026-11-21,-450,Terminé,Non,Aucune action,Aucune,client_103@gmail.com
PRJ-0303,Client_104,Projet de service 303,En attente,2026-11-24,-453,Pas encore débuté,Non,Attente de réponse client,Faible,client_104@gmail.com
PRJ-0304,Client_105,Projet de service 304,Suspendu,2026-11-27,-456,Pas encore débuté,Non,Attente de réponse client,Faible,client_105@gmail.com
PRJ-0305,Client_106,Projet de service 305,En cours,2026-11-30,-459,Pas encore débuté,Non,Attente de réponse client,Faible,client_106@gmail.com
PRJ-0306,Client_107,Projet de service 306,Finalisé,2026-12-03,-462,Terminé,Non,Aucune action,Aucune,client_107@gmail.com
PRJ-0307,Client_108,Projet de service 307,En attente,2026-12-06,-465,Pas encore débuté,Non,Attente de réponse client,Faible,client_108@gmail.com
PRJ-0308,Client_109,Projet de service 308,Suspendu,2026-12-09,-468,Pas encore débuté,Non,Attente de réponse client,Faible,client_109@gmail.com
PRJ-0309,Client_110,Projet de service 309,En cours,2026-12-12,-471,Pas encore débuté,Non,Attente de réponse client,Faible,client_110@gmail.com
PRJ-0310,Client_111,Projet de service 310,Finalisé,2026-12-15,-474,Terminé,Non,Aucune action,Aucune,client_111@gmail.com
PRJ-0311,Client_112,Projet de service 311,En attente,2026-12-18,-477,Pas encore débuté,Non,Attente de réponse client,Faible,client_112@gmail.com
PRJ-0312,Client_113,Projet de service 312,Suspendu,2026-12-21,-480,Pas encore débuté,Non,Attente de réponse client,Faible,client_113@gmail.com
PRJ-0313,Client_114,Projet de service 313,En cours,2026-12-24,-483,Pas encore débuté,Non,Attente de réponse client,Faible,client_114@gmail.com
PRJ-0314,Client_115,Projet de service 314,Finalisé,2026-12-27,-486,Terminé,Non,Aucune action,Aucune,client_115@gmail.com
PRJ-0315,Client_116,Projet de service 315,En attente,2026-12-30,-489,Pas encore débuté,Non,Attente de réponse client,Faible,client_116@gmail.com
PRJ-0316,Client_117,Projet de service 316,Suspendu,2027-01-02,-492,Pas encore débuté,Non,Attente de réponse client,Faible,client_117@gmail.com
PRJ-0317,Client_118,Projet de service 317,En cours,2027-01-05,-495,Pas encore débuté,Non,Attente de réponse client,Faible,client_118@gmail.com
PRJ-0318,Client_119,Projet de service 318,Finalisé,2027-01-08,-498,Terminé,Non,Aucune action,Aucune,client_119@gmail.com
PRJ-0319,Client_120,Projet de service 319,En attente,2027-01-11,-501,Pas encore débuté,Non,Attente de réponse client,Faible,client_120@gmail.com
PRJ-0320,Client_121,Projet de service 320,Suspendu,2027-01-14,-504,Pas encore débuté,Non,Attente de réponse client,Faible,client_121@gmail.com
PRJ-0321,Client_122,Projet de service 321,En cours,2027-01-17,-507,Pas encore débuté,Non,Attente de réponse client,Faible,client_122@gmail.com
PRJ-0322,Client_123,Projet de service 322,Finalisé,2027-01-20,-510,Terminé,Non,Aucune action,Aucune,client_123@gmail.com
PRJ-0323,Client_124,Projet de service 323,En attente,2027-01-23,-513,Pas encore débuté,Non,Attente de réponse client,Faible,client_124@gmail.com
PRJ-0324,Client_125,Projet de service 324,Suspendu,2027-01-26,-516,Pas encore débuté,Non,Attente de réponse client,Faible,client_125@gmail.com
PRJ-0325,Client_126,Projet de service 325,En cours,2027-01-29,-519,Pas encore débuté,Non,Attente de réponse client,Faible,client_126@gmail.com
PRJ-0326,Client_127,Projet de service 326,Finalisé,2027-02-01,-522,Terminé,Non,Aucune action,Aucune,client_127@gmail.com
PRJ-0327,Client_128,Projet de service 327,En attente,2027-02-04,-525,Pas encore débuté,Non,Attente de réponse client,Faible,client_128@gmail.com
PRJ-0328,Client_129,Projet de service 328,Suspendu,2027-02-07,-528,Pas encore débuté,Non,Attente de réponse client,Faible,client_129@gmail.com
PRJ-0329,Client_130,Projet de service 329,En cours,2027-02-10,-531,Pas encore débuté,Non,Attente de réponse client,Faible,client_130@gmail.com
PRJ-0330,Client_131,Projet de service 330,Finalisé,2027-02-13,-534,Terminé,Non,Aucune action,Aucune,client_131@gmail.com
PRJ-0331,Client_132,Projet de service 331,En attente,2027-02-16,-537,Pas encore débuté,Non,Attente de réponse client,Faible,client_132@gmail.com
PRJ-0332,Client_133,Projet de service 332,Suspendu,2027-02-19,-540,Pas encore débuté,Non,Attente de réponse client,Faible,client_133@gmail.com
PRJ-0333,Client_134,Projet de service 333,En cours,2027-02-22,-543,Pas encore débuté,Non,Attente de réponse client,Faible,client_134@gmail.com
PRJ-0334,Client_135,Projet de service 334,Finalisé,2027-02-25,-546,Terminé,Non,Aucune action,Aucune,client_135@gmail.com
PRJ-0335,Client_136,Projet de service 335,En attente,2027-02-28,-549,Pas encore débuté,Non,Attente de réponse client,Faible,client_136@gmail.com
PRJ-0336,Client_137,Projet de service 336,Suspendu,2027-03-03,-552,Pas encore débuté,Non,Attente de réponse client,Faible,client_137@gmail.com
PRJ-0337,Client_138,Projet de service 337,En cours,2027-03-06,-555,Pas encore débuté,Non,Attente de réponse client,Faible,client_138@gmail.com
PRJ-0338,Client_139,Projet de service 338,Finalisé,2027-03-09,-558,Terminé,Non,Aucune action,Aucune,client_139@gmail.com
PRJ-0339,Client_140,Projet de service 339,En attente,2027-03-12,-561,Pas encore débuté,Non,Attente de réponse client,Faible,client_140@gmail.com
PRJ-0340,Client_141,Projet de service 340,Suspendu,2027-03-15,-564,Pas encore débuté,Non,Attente de réponse client,Faible,client_141@gmail.com
PRJ-0341,Client_142,Projet de service 341,En cours,2027-03-18,-567,Pas encore débuté,Non,Attente de réponse client,Faible,client_142@gmail.com
PRJ-0342,Client_143,Projet de service 342,Finalisé,2027-03-21,-570,Terminé,Non,Aucune action,Aucune,client_143@gmail.com
PRJ-0343,Client_144,Projet de service 343,En attente,2027-03-24,-573,Pas encore débuté,Non,Attente de réponse client,Faible,client_144@gmail.com
PRJ-0344,Client_145,Projet de service 344,Suspendu,2027-03-27,-576,Pas encore débuté,Non,Attente de réponse client,Faible,client_145@gmail.com
PRJ-0345,Client_146,Projet de service 345,En cours,2027-03-30,-579,Pas encore débuté,Non,Attente de réponse client,Faible,client_146@gmail.com
PRJ-0346,Client_147,Projet de service 346,Finalisé,2027-04-02,-582,Terminé,Non,Aucune action,Aucune,client_147@gmail.com
PRJ-0347,Client_148,Projet de service 347,En attente,2027-04-05,-585,Pas encore débuté,Non,Attente de réponse client,Faible,client_148@gmail.com
PRJ-0348,Client_149,Projet de service 348,Suspendu,2027-04-08,-588,Pas encore débuté,Non,Attente de réponse client,Faible,client_149@gmail.com
PRJ-0349,Client_150,Projet de service 349,En cours,2027-04-11,-591,Pas encore débuté,Non,Attente de réponse client,Faible,client_150@gmail.com
PRJ-0350,Client_151,Projet de service 350,Finalisé,2027-04-14,-594,Terminé,Non,Aucune action,Aucune,client_151@gmail.com
PRJ-0351,Client_152,Projet de service 351,En attente,2027-04-17,-597,Pas encore débuté,Non,Attente de réponse client,Faible,client_152@gmail.com
PRJ-0352,Client_153,Projet de service 352,Suspendu,2027-04-20,-600,Pas encore débuté,Non,Attente de réponse client,Faible,client_153@gmail.com
PRJ-0353,Client_154,Projet de service 353,En cours,2027-04-23,-603,Pas encore débuté,Non,Attente de réponse client,Faible,client_154@gmail.com
PRJ-0354,Client_155,Projet de service 354,Finalisé,2027-04-26,-606,Terminé,Non,Aucune action,Aucune,client_155@gmail.com
PRJ-0355,Client_156,Projet de service 355,En attente,2027-04-29,-609,Pas encore débuté,Non,Attente de réponse client,Faible,client_156@gmail.com
PRJ-0356,Client_157,Projet de service 356,Suspendu,2027-05-02,-612,Pas encore débuté,Non,Attente de réponse client,Faible,client_157@gmail.com
PRJ-0357,Client_158,Projet de service 357,En cours,2027-05-05,-615,Pas encore débuté,Non,Attente de réponse client,Faible,client_158@gmail.com
PRJ-0358,Client_159,Projet de service 358,Finalisé,2027-05-08,-618,Terminé,Non,Aucune action,Aucune,client_159@gmail.com
PRJ-0359,Client_160,Projet de service 359,En attente,2027-05-11,-621,Pas encore débuté,Non,Attente de réponse client,Faible,client_160@gmail.com
PRJ-0360,Client_161,Projet de service 360,Suspendu,2027-05-14,-624,Pas encore débuté,Non,Attente de réponse client,Faible,client_161@gmail.com
PRJ-0361,Client_162,Projet de service 361,En cours,2027-05-17,-627,Pas encore débuté,Non,Attente de réponse client,Faible,client_162@gmail.com
PRJ-0362,Client_163,Projet de service 362,Finalisé,2027-05-20,-630,Terminé,Non,Aucune action,Aucune,client_163@gmail.com
PRJ-0363,Client_164,Projet de service 363,En attente,2027-05-23,-633,Pas encore débuté,Non,Attente de réponse client,Faible,client_164@gmail.com
PRJ-0364,Client_165,Projet de service 364,Suspendu,2027-05-26,-636,Pas encore débuté,Non,Attente de réponse client,Faible,client_165@gmail.com
PRJ-0365,Client_166,Projet de service 365,En cours,2027-05-29,-639,Pas encore débuté,Non,Attente de réponse client,Faible,client_166@gmail.com
PRJ-0366,Client_167,Projet de service 366,Finalisé,2027-06-01,-642,Terminé,Non,Aucune action,Aucune,client_167@gmail.com
PRJ-0367,Client_168,Projet de service 367,En attente,2027-06-04,-645,Pas encore débuté,Non,Attente de réponse client,Faible,client_168@gmail.com
PRJ-0368,Client_169,Projet de service 368,Suspendu,2027-06-07,-648,Pas encore débuté,Non,Attente de réponse client,Faible,client_169@gmail.com
PRJ-0369,Client_170,Projet de service 369,En cours,2027-06-10,-651,Pas encore débuté,Non,Attente de réponse client,Faible,client_170@gmail.com
PRJ-0370,Client_171,Projet de service 370,Finalisé,2027-06-13,-654,Terminé,Non,Aucune action,Aucune,client_171@gmail.com
PRJ-0371,Client_172,Projet de service 371,En attente,2027-06-16,-657,Pas encore débuté,Non,Attente de réponse client,Faible,client_172@gmail.com
PRJ-0372,Client_173,Projet de service 372,Suspendu,2027-06-19,-660,Pas encore débuté,Non,Attente de réponse client,Faible,client_173@gmail.com
PRJ-0373,Client_174,Projet de service 373,En cours,2027-06-22,-663,Pas encore débuté,Non,Attente de réponse client,Faible,client_174@gmail.com
PRJ-0374,Client_175,Projet de service 374,Finalisé,2027-06-25,-666,Terminé,Non,Aucune action,Aucune,client_175@gmail.com
PRJ-0375,Client_176,Projet de service 375,En attente,2027-06-28,-669,Pas encore débuté,Non,Attente de réponse client,Faible,client_176@gmail.com
PRJ-0376,Client_177,Projet de service 376,Suspendu,2027-07-01,-672,Pas encore débuté,Non,Attente de réponse client,Faible,client_177@gmail.com
PRJ-0377,Client_178,Projet de service 377,En cours,2027-07-04,-675,Pas encore débuté,Non,Attente de réponse client,Faible,client_178@gmail.com
PRJ-0378,Client_179,Projet de service 378,Finalisé,2027-07-07,-678,Terminé,Non,Aucune action,Aucune,client_179@gmail.com
PRJ-0379,Client_180,Projet de service 379,En attente,2027-07-10,-681,Pas encore débuté,Non,Attente de réponse client,Faible,client_180@gmail.com
PRJ-0380,Client_181,Projet de service 380,Suspendu,2027-07-13,-684,Pas encore débuté,Non,Attente de réponse client,Faible,client_181@gmail.com
PRJ-0381,Client_182,Projet de service 381,En cours,2027-07-16,-687,Pas encore débuté,Non,Attente de réponse client,Faible,client_182@gmail.com
PRJ-0382,Client_183,Projet de service 382,Finalisé,2027-07-19,-690,Terminé,Non,Aucune action,Aucune,client_183@gmail.com
PRJ-0383,Client_184,Projet de service 383,En attente,2027-07-22,-693,Pas encore débuté,Non,Attente de réponse client,Faible,client_184@gmail.com
PRJ-0384,Client_185,Projet de service 384,Suspendu,2027-07-25,-696,Pas encore débuté,Non,Attente de réponse client,Faible,client_185@gmail.com
PRJ-0385,Client_186,Projet de service 385,En cours,2027-07-28,-699,Pas encore débuté,Non,Attente de réponse client,Faible,client_186@gmail.com
PRJ-0386,Client_187,Projet de service 386,Finalisé,2027-07-31,-702,Terminé,Non,Aucune action,Aucune,client_187@gmail.com
PRJ-0387,Client_188,Projet de service 387,En attente,2027-08-03,-705,Pas encore débuté,Non,Attente de réponse client,Faible,client_188@gmail.com
PRJ-0388,Client_189,Projet de service 388,Suspendu,2027-08-06,-708,Pas encore débuté,Non,Attente de réponse client,Faible,client_189@gmail.com
PRJ-0389,Client_190,Projet de service 389,En cours,2027-08-09,-711,Pas encore débuté,Non,Attente de réponse client,Faible,client_190@gmail.com
PRJ-0390,Client_191,Projet de service 390,Finalisé,2027-08-12,-714,Terminé,Non,Aucune action,Aucune,client_191@gmail.com
PRJ-0391,Client_192,Projet de service 391,En attente,2027-08-15,-717,Pas encore débuté,Non,Attente de réponse client,Faible,client_192@gmail.com
PRJ-0392,Client_193,Projet de service 392,Suspendu,2027-08-18,-720,Pas encore débuté,Non,Attente de réponse client,Faible,client_193@gmail.com
PRJ-0393,Client_194,Projet de service 393,En cours,2027-08-21,-723,Pas encore débuté,Non,Attente de réponse client,Faible,client_194@gmail.com
PRJ-0394,Client_195,Projet de service 394,Finalisé,2027-08-24,-726,Terminé,Non,Aucune action,Aucune,client_195@gmail.com
PRJ-0395,Client_196,Projet de service 395,En attente,2027-08-27,-729,Pas encore débuté,Non,Attente de réponse client,Faible,client_196@gmail.com
PRJ-0396,Client_197,Projet de service 396,Suspendu,2027-08-30,-732,Pas encore débuté,Non,Attente de réponse client,Faible,client_197@gmail.com
PRJ-0397,Client_198,Projet de service 397,En cours,2027-09-02,-735,Pas encore débuté,Non,Attente de réponse client,Faible,client_198@gmail.com
PRJ-0398,Client_199,Projet de service 398,Finalisé,2027-09-05,-738,Terminé,Non,Aucune action,Aucune,client_199@gmail.com
PRJ-0399,Client_200,Projet de service 399,En attente,2027-09-08,-741,Pas encore débuté,Non,Attente de réponse client,Faible,client_200@gmail.com
PRJ-0400,Client_1,Projet de service 400,Suspendu,2027-09-11,-744,Pas encore débuté,Non,Attente de réponse client,Faible,client_1@gmail.com
PRJ-0401,Client_2,Projet de service 401,En cours,2027-09-14,-747,Pas encore débuté,Non,Attente de réponse client,Faible,aminejemni181@gmail.com
PRJ-0402,Client_3,Projet de service 402,Finalisé,2027-09-17,-750,Terminé,Non,Aucune action,Aucune,client_3@gmail.com
PRJ-0403,Client_4,Projet de service 403,En attente,2027-09-20,-753,Pas encore débuté,Non,Attente de réponse client,Faible,client_4@gmail.com
PRJ-0404,Client_5,Projet de service 404,Suspendu,2027-09-23,-756,Pas encore débuté,Non,Attente de réponse client,Faible,client_5@gmail.com
PRJ-0405,Client_6,Projet de service 405,En cours,2027-09-26,-759,Pas encore débuté,Non,Attente de réponse client,Faible,client_6@gmail.com
PRJ-0406,Client_7,Projet de service 406,Finalisé,2027-09-29,-762,Terminé,Non,Aucune action,Aucune,client_7@gmail.com
PRJ-0407,Client_8,Projet de service 407,En attente,2027-10-02,-765,Pas encore débuté,Non,Attente de réponse client,Faible,client_8@gmail.com
PRJ-0408,Client_9,Projet de service 408,Suspendu,2027-10-05,-768,Pas encore débuté,Non,Attente de réponse client,Faible,client_9@gmail.com
PRJ-0409,Client_10,Projet de service 409,En cours,2027-10-08,-771,Pas encore débuté,Non,Attente de réponse client,Faible,client_10@gmail.com
PRJ-0410,Client_11,Projet de service 410,Finalisé,2027-10-11,-774,Terminé,Non,Aucune action,Aucune,client_11@gmail.com
PRJ-0411,Client_12,Projet de service 411,En attente,2027-10-14,-777,Pas encore débuté,Non,Attente de réponse client,Faible,client_12@gmail.com
PRJ-0412,Client_13,Projet de service 412,Suspendu,2027-10-17,-780,Pas encore débuté,Non,Attente de réponse client,Faible,client_13@gmail.com
PRJ-0413,Client_14,Projet de service 413,En cours,2027-10-20,-783,Pas encore débuté,Non,Attente de réponse client,Faible,client_14@gmail.com
PRJ-0414,Client_15,Projet de service 414,Finalisé,2027-10-23,-786,Terminé,Non,Aucune action,Aucune,client_15@gmail.com
PRJ-0415,Client_16,Projet de service 415,En attente,2027-10-26,-789,Pas encore débuté,Non,Attente de réponse client,Faible,client_16@gmail.com
PRJ-0416,Client_17,Projet de service 416,Suspendu,2027-10-29,-792,Pas encore débuté,Non,Attente de réponse client,Faible,client_17@gmail.com
PRJ-0417,Client_18,Projet de service 417,En cours,2027-11-01,-795,Pas encore débuté,Non,Attente de réponse client,Faible,client_18@gmail.com
PRJ-0418,Client_19,Projet de service 418,Finalisé,2027-11-04,-798,Terminé,Non,Aucune action,Aucune,client_19@gmail.com
PRJ-0419,Client_20,Projet de service 419,En attente,2027-11-07,-801,Pas encore débuté,Non,Attente de réponse client,Faible,client_20@gmail.com
PRJ-0420,Client_21,Projet de service 420,Suspendu,2027-11-10,-804,Pas encore débuté,Non,Attente de réponse client,Faible,client_21@gmail.com
PRJ-0421,Client_22,Projet de service 421,En cours,2027-11-13,-807,Pas encore débuté,Non,Attente de réponse client,Faible,client_22@gmail.com
PRJ-0422,Client_23,Projet de service 422,Finalisé,2027-11-16,-810,Terminé,Non,Aucune action,Aucune,client_23@gmail.com
PRJ-0423,Client_24,Projet de service 423,En attente,2027-11-19,-813,Pas encore débuté,Non,Attente de réponse client,Faible,client_24@gmail.com
PRJ-0424,Client_25,Projet de service 424,Suspendu,2027-11-22,-816,Pas encore débuté,Non,Attente de réponse client,Faible,client_25@gmail.com
PRJ-0425,Client_26,Projet de service 425,En cours,2027-11-25,-819,Pas encore débuté,Non,Attente de réponse client,Faible,client_26@gmail.com
PRJ-0426,Client_27,Projet de service 426,Finalisé,2027-11-28,-822,Terminé,Non,Aucune action,Aucune,client_27@gmail.com
PRJ-0427,Client_28,Projet de service 427,En attente,2027-12-01,-825,Pas encore débuté,Non,Attente de réponse client,Faible,client_28@gmail.com
PRJ-0428,Client_29,Projet de service 428,Suspendu,2027-12-04,-828,Pas encore débuté,Non,Attente de réponse client,Faible,client_29@gmail.com
PRJ-0429,Client_30,Projet de service 429,En cours,2027-12-07,-831,Pas encore débuté,Non,Attente de réponse client,Faible,client_30@gmail.com
PRJ-0430,Client_31,Projet de service 430,Finalisé,2027-12-10,-834,Terminé,Non,Aucune action,Aucune,client_31@gmail.com
PRJ-0431,Client_32,Projet de service 431,En attente,2027-12-13,-837,Pas encore débuté,Non,Attente de réponse client,Faible,client_32@gmail.com
PRJ-0432,Client_33,Projet de service 432,Suspendu,2027-12-16,-840,Pas encore débuté,Non,Attente de réponse client,Faible,client_33@gmail.com
PRJ-0433,Client_34,Projet de service 433,En cours,2027-12-19,-843,Pas encore débuté,Non,Attente de réponse client,Faible,client_34@gmail.com
PRJ-0434,Client_35,Projet de service 434,Finalisé,2027-12-22,-846,Terminé,Non,Aucune action,Aucune,client_35@gmail.com
PRJ-0435,Client_36,Projet de service 435,En attente,2027-12-25,-849,Pas encore débuté,Non,Attente de réponse client,Faible,client_36@gmail.com
PRJ-0436,Client_37,Projet de service 436,Suspendu,2027-12-28,-852,Pas encore débuté,Non,Attente de réponse client,Faible,client_37@gmail.com
PRJ-0437,Client_38,Projet de service 437,En cours,2027-12-31,-855,Pas encore débuté,Non,Attente de réponse client,Faible,client_38@gmail.com
PRJ-0438,Client_39,Projet de service 438,Finalisé,2028-01-03,-858,Terminé,Non,Aucune action,Aucune,client_39@gmail.com
PRJ-0439,Client_40,Projet de service 439,En attente,2028-01-06,-861,Pas encore débuté,Non,Attente de réponse client,Faible,client_40@gmail.com
PRJ-0440,Client_41,Projet de service 440,Suspendu,2028-01-09,-864,Pas encore débuté,Non,Attente de réponse client,Faible,client_41@gmail.com
PRJ-0441,Client_42,Projet de service 441,En cours,2028-01-12,-867,Pas encore débuté,Non,Attente de réponse client,Faible,client_42@gmail.com
PRJ-0442,Client_43,Projet de service 442,Finalisé,2028-01-15,-870,Terminé,Non,Aucune action,Aucune,client_43@gmail.com
PRJ-0443,Client_44,Projet de service 443,En attente,2028-01-18,-873,Pas encore débuté,Non,Attente de réponse client,Faible,client_44@gmail.com
PRJ-0444,Client_45,Projet de service 444,Suspendu,2028-01-21,-876,Pas encore débuté,Non,Attente de réponse client,Faible,client_45@gmail.com
PRJ-0445,Client_46,Projet de service 445,En cours,2028-01-24,-879,Pas encore débuté,Non,Attente de réponse client,Faible,client_46@gmail.com
PRJ-0446,Client_47,Projet de service 446,Finalisé,2028-01-27,-882,Terminé,Non,Aucune action,Aucune,client_47@gmail.com
PRJ-0447,Client_48,Projet de service 447,En attente,2028-01-30,-885,Pas encore débuté,Non,Attente de réponse client,Faible,client_48@gmail.com
PRJ-0448,Client_49,Projet de service 448,Suspendu,2028-02-02,-888,Pas encore débuté,Non,Attente de réponse client,Faible,client_49@gmail.com
PRJ-0449,Client_50,Projet de service 449,En cours,2028-02-05,-891,Pas encore débuté,Non,Attente de réponse client,Faible,client_50@gmail.com
PRJ-0450,Client_51,Projet de service 450,Finalisé,2028-02-08,-894,Terminé,Non,Aucune action,Aucune,client_51@gmail.com
PRJ-0451,Client_52,Projet de service 451,En attente,2028-02-11,-897,Pas encore débuté,Non,Attente de réponse client,Faible,client_52@gmail.com
PRJ-0452,Client_53,Projet de service 452,Suspendu,2028-02-14,-900,Pas encore débuté,Non,Attente de réponse client,Faible,client_53@gmail.com
PRJ-0453,Client_54,Projet de service 453,En cours,2028-02-17,-903,Pas encore débuté,Non,Attente de réponse client,Faible,client_54@gmail.com
PRJ-0454,Client_55,Projet de service 454,Finalisé,2028-02-20,-906,Terminé,Non,Aucune action,Aucune,client_55@gmail.com
PRJ-0455,Client_56,Projet de service 455,En attente,2028-02-23,-909,Pas encore débuté,Non,Attente de réponse client,Faible,client_56@gmail.com
PRJ-0456,Client_57,Projet de service 456,Suspendu,2028-02-26,-912,Pas encore débuté,Non,Attente de réponse client,Faible,client_57@gmail.com
PRJ-0457,Client_58,Projet de service 457,En cours,2028-02-29,-915,Pas encore débuté,Non,Attente de réponse client,Faible,client_58@gmail.com
PRJ-0458,Client_59,Projet de service 458,Finalisé,2028-03-03,-918,Terminé,Non,Aucune action,Aucune,client_59@gmail.com
PRJ-0459,Client_60,Projet de service 459,En attente,2028-03-06,-921,Pas encore débuté,Non,Attente de réponse client,Faible,client_60@gmail.com
PRJ-0460,Client_61,Projet de service 460,Suspendu,2028-03-09,-924,Pas encore débuté,Non,Attente de réponse client,Faible,client_61@gmail.com
PRJ-0461,Client_62,Projet de service 461,En cours,2028-03-12,-927,Pas encore débuté,Non,Attente de réponse client,Faible,client_62@gmail.com
PRJ-0462,Client_63,Projet de service 462,Finalisé,2028-03-15,-930,Terminé,Non,Aucune action,Aucune,client_63@gmail.com
PRJ-0463,Client_64,Projet de service 463,En attente,2028-03-18,-933,Pas encore débuté,Non,Attente de réponse client,Faible,client_64@gmail.com
PRJ-0464,Client_65,Projet de service 464,Suspendu,2028-03-21,-936,Pas encore débuté,Non,Attente de réponse client,Faible,client_65@gmail.com
PRJ-0465,Client_66,Projet de service 465,En cours,2028-03-24,-939,Pas encore débuté,Non,Attente de réponse client,Faible,client_66@gmail.com
PRJ-0466,Client_67,Projet de service 466,Finalisé,2028-03-27,-942,Terminé,Non,Aucune action,Aucune,client_67@gmail.com
PRJ-0467,Client_68,Projet de service 467,En attente,2028-03-30,-945,Pas encore débuté,Non,Attente de réponse client,Faible,client_68@gmail.com
PRJ-0468,Client_69,Projet de service 468,Suspendu,2028-04-02,-948,Pas encore débuté,Non,Attente de réponse client,Faible,client_69@gmail.com
PRJ-0469,Client_70,Projet de service 469,En cours,2028-04-05,-951,Pas encore débuté,Non,Attente de réponse client,Faible,client_70@gmail.com
PRJ-0470,Client_71,Projet de service 470,Finalisé,2028-04-08,-954,Terminé,Non,Aucune action,Aucune,client_71@gmail.com
PRJ-0471,Client_72,Projet de service 471,En attente,2028-04-11,-957,Pas encore débuté,Non,Attente de réponse client,Faible,client_72@gmail.com
PRJ-0472,Client_73,Projet de service 472,Suspendu,2028-04-14,-960,Pas encore débuté,Non,Attente de réponse client,Faible,client_73@gmail.com
PRJ-0473,Client_74,Projet de service 473,En cours,2028-04-17,-963,Pas encore débuté,Non,Attente de réponse client,Faible,client_74@gmail.com
PRJ-0474,Client_75,Projet de service 474,Finalisé,2028-04-20,-966,Terminé,Non,Aucune action,Aucune,client_75@gmail.com
PRJ-0475,Client_76,Projet de service 475,En attente,2028-04-23,-969,Pas encore débuté,Non,Attente de réponse client,Faible,client_76@gmail.com
PRJ-0476,Client_77,Projet de service 476,Suspendu,2028-04-26,-972,Pas encore débuté,Non,Attente de réponse client,Faible,client_77@gmail.com
PRJ-0477,Client_78,Projet de service 477,En cours,2028-04-29,-975,Pas encore débuté,Non,Attente de réponse client,Faible,client_78@gmail.com
PRJ-0478,Client_79,Projet de service 478,Finalisé,2028-05-02,-978,Terminé,Non,Aucune action,Aucune,client_79@gmail.com
PRJ-0479,Client_80,Projet de service 479,En attente,2028-05-05,-981,Pas encore débuté,Non,Attente de réponse client,Faible,client_80@gmail.com
PRJ-0480,Client_81,Projet de service 480,Suspendu,2028-05-08,-984,Pas encore débuté,Non,Attente de réponse client,Faible,client_81@gmail.com
PRJ-0481,Client_82,Projet de service 481,En cours,2028-05-11,-987,Pas encore débuté,Non,Attente de réponse client,Faible,client_82@gmail.com
PRJ-0482,Client_83,Projet de service 482,Finalisé,2028-05-14,-990,Terminé,Non,Aucune action,Aucune,client_83@gmail.com
PRJ-0483,Client_84,Projet de service 483,En attente,2028-05-17,-993,Pas encore débuté,Non,Attente de réponse client,Faible,client_84@gmail.com
PRJ-0484,Client_85,Projet de service 484,Suspendu,2028-05-20,-996,Pas encore débuté,Non,Attente de réponse client,Faible,client_85@gmail.com
PRJ-0485,Client_86,Projet de service 485,En cours,2028-05-23,-999,Pas encore débuté,Non,Attente de réponse client,Faible,client_86@gmail.com
PRJ-0486,Client_87,Projet de service 486,Finalisé,2028-05-26,-1002,Terminé,Non,Aucune action,Aucune,client_87@gmail.com
PRJ-0487,Client_88,Projet de service 487,En attente,2028-05-29,-1005,Pas encore débuté,Non,Attente de réponse client,Faible,client_88@gmail.com
PRJ-0488,Client_89,Projet de service 488,Suspendu,2028-06-01,-1008,Pas encore débuté,Non,Attente de réponse client,Faible,client_89@gmail.com
PRJ-0489,Client_90,Projet de service 489,En cours,2028-06-04,-1011,Pas encore débuté,Non,Attente de réponse client,Faible,client_90@gmail.com
PRJ-0490,Client_91,Projet de service 490,Finalisé,2028-06-07,-1014,Terminé,Non,Aucune action,Aucune,client_91@gmail.com
PRJ-0491,Client_92,Projet de service 491,En attente,2028-06-10,-1017,Pas encore débuté,Non,Attente de réponse client,Faible,client_92@gmail.com
PRJ-0492,Client_93,Projet de service 492,Suspendu,2028-06-13,-1020,Pas encore débuté,Non,Attente de réponse client,Faible,client_93@gmail.com
PRJ-0493,Client_94,Projet de service 493,En cours,2028-06-16,-1023,Pas encore débuté,Non,Attente de réponse client,Faible,client_94@gmail.com
PRJ-0494,Client_95,Projet de service 494,Finalisé,2028-06-19,-1026,Terminé,Non,Aucune action,Aucune,client_95@gmail.com
PRJ-0495,Client_96,Projet de service 495,En attente,2028-06-22,-1029,Pas encore débuté,Non,Attente de réponse client,Faible,client_96@gmail.com
PRJ-0496,Client_97,Projet de service 496,Suspendu,2028-06-25,-1032,Pas encore débuté,Non,Attente de réponse client,Faible,client_97@gmail.com
PRJ-0497,Client_98,Projet de service 497,En cours,2028-06-28,-1035,Pas encore débuté,Non,Attente de réponse client,Faible,client_98@gmail.com
PRJ-0498,Client_99,Projet de service 498,Finalisé,2028-07-01,-1038,Terminé,Non,Aucune action,Aucune,client_99@gmail.com
PRJ-0499,Client_100,Projet de service 499,En attente,2028-07-04,-1041,Pas encore débuté,Non,Attente de réponse client,Faible,client_100@gmail.com
PRJ-0500,Client_101,Projet de service 500,Suspendu,2028-07-07,-1044,Pas encore débuté,Non,Attente de réponse client,Faible,client_101@gmail.com
